Gene,Condition,Control_1,Control_2,Control_3,Tratamiento_1,Tratamiento_2,Tratamiento_3
Gen_1,Target,31.00573852,29.29079924,29.31199138,26.71522699,25.77928229,27.18130348
Gen_2,Target,30.1176466,29.05252539,29.50944256,28.84386201,26.3480501,27.23538657
Gen_3,Target,30.33220258,28.99162339,29.88054739,27.56298953,26.62756124,27.97697339
Gen_4,Target,25.39846383,26.46909348,25.53824442,32.10010894,28.71296952,30.78773885
Gen_5,Target,29.18733299,28.53261063,26.76429964,29.28959344,30.25688371,29.75330812
Gen_6,Target,27.89512566,27.87813349,27.82158108,30.55391765,29.93808829,29.69403734
Ref_1,Reference,26.00258604,24.89595569,25.51723353,24.62605331,25.56684515,25.22958189
Ref_2,Reference,25.88079593,24.07170907,24.96857232,24.93458268,25.06061106,25.93086817
